Region,Lot's O' Nuts,Secret Factory,Sugar Shack,The Other Factory,Wicked Choccy's,Cluster
Atlantic,1326.8254063816978,1349.25,1375.388888888889,1282.7368421052631,1315.967418546366,2
Gulf,1313.9754738015608,1332.5405405405406,1091.25,1272.6315789473683,1309.1131221719456,0
Interior,1324.1960635881908,1289.088888888889,1318.625,1206.6363636363637,1324.5515789473684,2
Pacific,1317.5278543849972,1307.7301587301588,1516.6666666666667,1307.21875,1329.1013412816692,1
