Origin Factory,Atlantic,Gulf,Interior,Pacific
Lot's O' Nuts,1326.8254063816978,1313.9754738015608,1324.1960635881908,1317.5278543849972
Secret Factory,1349.25,1332.5405405405406,1289.088888888889,1307.7301587301588
Sugar Shack,1375.388888888889,1091.25,1318.625,1516.6666666666667
The Other Factory,1282.7368421052631,1272.6315789473683,1206.6363636363637,1307.21875
Wicked Choccy's,1315.967418546366,1309.1131221719456,1324.5515789473684,1329.1013412816692
